[
  {
    "id": 0,
    "name": "Heaven",
    "picture": "images/scottish-terrier.jpg",
    "age": 3,
    "breed": "Fertile and Beautiful",
    "location": "Pollobi,Dhaka"
  },
  {
    "id": 1,
    "name": "Lovely",
    "picture": "images/scottish-terrier.jpg",
    "age": 3,
    "breed": "Romantic and Lovely",
    "location": "Gazipur,Dhaka"
  },
  {
    "id": 2,
    "name": "Chand Mia",
    "picture": "images/french-bulldog.jpg",
    "age": 2,
    "breed": "Good For farming",
    "location": "Dhamrai, Dhaka"
  },
  {
    "id": 3,
    "name": "Khonikaloi",
    "picture": "images/boxer.jpg",
    "age": 2,
    "breed": "Mesmerizing",
    "location": "Pollobi,Dhaka"
  },
  {
    "id": 4,
    "name": "balda",
    "picture": "images/french-bulldog.jpg",
    "age": 2,
    "breed": "Amazing",
    "location": "Pollobi,Dhaka"
  },
  {
    "id": 5,
    "name": "putkida",
    "picture": "images/french-bulldog.jpg",
    "age": 3,
    "breed": "Mesmerizing",
    "location": "Pollobi,Dhaka"
  },
  {
    "id": 6,
    "name": "samada",
    "picture": "images/golden-retriever.jpg",
    "age": 3,
    "breed": "Golden Retriever",
    "location": "Farmgate,Dhaka"
  },
  {
    "id": 7,
    "name": "Shopno",
    "picture": "images/golden-retriever.jpg",
    "age": 3,
    "breed": "Golden Retriever",
    "location": "Farmgate,Dhaka"
  },
  {
    "id": 8,
    "name": "Amar Jomi",
    "picture": "images/french-bulldog.jpg",
    "age": 2,
    "breed": "French Fertile",
    "location": "Gazipur,Dhaka"
  },
  {
    "id": 9,
    "name": "Dimu Na",
    "picture": "images/boxer.jpg",
    "age": 3,
    "breed": "Boxer",
    "location": "Gazipur,Dhaka"
  },
  {
    "id": 10,
    "name": "Amar Na",
    "picture": "images/boxer.jpg",
    "age": 2,
    "breed": "Boxer",
    "location": "Farmgate,Dhaka"
  },
  {
    "id": 11,
    "name": "Dean",
    "picture": "images/scottish-terrier.jpg",
    "age": 3,
    "breed": "Scottish Terrier",
    "location": "Farmgate,Dhaka"
  },
  {
    "id": 12,
    "name": "shopno",
    "picture": "images/french-bulldog.jpg",
    "age": 3,
    "breed": "French Soil",
    "location": "Farmgate,Dhaka"
  },
  {
    "id": 13,
    "name": "Jomidar",
    "picture": "images/golden-retriever.jpg",
    "age": 4,
    "breed": "Golden Retriever",
    "location": "Farmgate,Dhaka"
  },
  {
    "id": 14,
    "name": "Shopno",
    "picture": "images/golden-retriever.jpg",
    "age": 2,
    "breed": "Golden Producer",
    "location": "Gazipur,Dhaka"
  },
  {
    "id": 15,
    "name": "vlo jomi",
    "picture": "images/golden-retriever.jpg",
    "age": 2,
    "breed": "Golden Producer",
    "location": "Farmgate,Dhaka"
  }
]
